{"Train Loss": 0.009965285682678222, "Train Accuracy": 0.6726, "Train Precision": 0.6609917201600148, "Train Recall": 0.7098611249875112, "Train F1": 0.6845553521533867, "Train AUC": 0.6725664347788121, "Val Loss": 0.009958501255512238, "Val Accuracy": 0.664, "Val Precision": 0.649575802286979, "Val Recall": 0.706945002007226, "Val F1": 0.6770472895040369, "Val AUC": 0.6641540474364548, "_timestamp": 1722777690.286228, "_runtime": 85.17622184753418, "_step": 5, "Test Loss": 0.0098285142993927, "Test Accuracy": 0.6732, "Test Precision": 0.6570889566100712, "Test Recall": 0.72448, "Test F1": 0.6891408568602085, "Test AUC": 0.6732, "_wandb": {"runtime": 83}}