{"Train Loss": 0.0031640706449747084, "Train Accuracy": 0.9252, "Train Precision": 0.9246568480112213, "Train Recall": 0.9253985761556202, "Train F1": 0.9250275633958104, "Train AUC": 0.925200534711898, "Val Loss": 0.005735381549596787, "Val Accuracy": 0.855, "Val Precision": 0.8782535684298909, "Val Recall": 0.8278591214879304, "Val F1": 0.8523120798533306, "Val AUC": 0.8552963217629705, "_timestamp": 1722845523.231309, "_runtime": 57.88512992858887, "_step": 5, "Test Loss": 0.006162259848117828, "Test Accuracy": 0.8446, "Test Precision": 0.8750544188071397, "Test Recall": 0.804, "Test F1": 0.8380237648530331, "Test AUC": 0.8446, "_wandb": {"runtime": 55}}