{"Train Loss": 0.004094248412922025, "Train Accuracy": 0.8939499855041504, "Val Loss": 0.005294026392698288, "Val Accuracy": 0.8622000217437744, "_timestamp": 1722707427.243297, "_runtime": 68.05130314826965, "_step": 4, "_wandb": {"runtime": 73}}