{"Train Loss": 0.0041359110940247775, "Train Accuracy": 0.8912000060081482, "Val Loss": 0.005048960775136948, "Val Accuracy": 0.8691999912261963, "_timestamp": 1722749443.685287, "_runtime": 64.33260011672974, "_step": 5, "Test Loss": 0.005194511344730854, "Test Accuracy": 0.8589199781417847, "_wandb": {"runtime": 62}}