{"Train Loss": 0.006139322801260278, "Train Accuracy": 0.9266, "Train Precision": 0.9300635785649409, "Train Recall": 0.9224301871684516, "Train F1": 0.9262311557788945, "Train AUC": 0.926596250542963, "Val Loss": 0.012016480566561223, "Val Accuracy": 0.8558, "Val Precision": 0.8703396851698426, "Val Recall": 0.8373854125149462, "Val F1": 0.8535445866341662, "Val AUC": 0.8558665320302552, "_timestamp": 1722845405.6233459, "_runtime": 59.02421593666077, "_step": 5, "Test Loss": 0.006084377086460591, "Test Accuracy": 0.84532, "Test Precision": 0.8698483420443835, "Test Recall": 0.81216, "Test F1": 0.8400148938810972, "Test AUC": 0.8453200000000001, "_wandb": {"runtime": 57}}