{"Train Loss": 0.0015248249804601073, "Train Accuracy": 0.9279, "Train Precision": 0.9286285485805678, "Train Recall": 0.9273308045518067, "Train F1": 0.9279792228548597, "Train AUC": 0.9279010263993255, "Val Loss": 0.0031822417080402373, "Val Accuracy": 0.8542, "Val Precision": 0.8822503270824248, "Val Recall": 0.815068493150685, "Val F1": 0.8473298429319371, "Val AUC": 0.853920267226653, "_timestamp": 1722845690.75708, "_runtime": 57.13023614883423, "_step": 5, "Test Loss": 0.006630399175137282, "Test Accuracy": 0.83592, "Test Precision": 0.8733772007825005, "Test Recall": 0.78576, "Test F1": 0.8272551166512254, "Test AUC": 0.83592, "_wandb": {"runtime": 55}}