{"Train Loss": 0.003105107682198286, "Train Accuracy": 0.9273, "Train Precision": 0.92847096644565, "Train Recall": 0.9256810897435898, "Train F1": 0.9270739291804594, "Train AUC": 0.9272974138813797, "Val Loss": 0.005619074153155088, "Val Accuracy": 0.8634, "Val Precision": 0.8573099415204678, "Val Recall": 0.874006359300477, "Val F1": 0.865577642196418, "Val AUC": 0.8633316820656974, "_timestamp": 1722832163.9434948, "_runtime": 65.64025783538818, "_step": 5, "Test Loss": 0.00614136099755764, "Test Accuracy": 0.84776, "Test Precision": 0.8461538461538461, "Test Recall": 0.85008, "Test F1": 0.8481123792800702, "Test AUC": 0.84776, "_wandb": {"runtime": 63}}