{"Train Loss": 0.0027495671516284347, "Train Accuracy": 0.93445, "Train Precision": 0.934867825912152, "Train Recall": 0.9334604576475312, "Train F1": 0.9341636117109426, "Train AUC": 0.9344464504259975, "Val Loss": 0.006537295013666153, "Val Accuracy": 0.8564, "Val Precision": 0.8891267123287672, "Val Recall": 0.819006309148265, "Val F1": 0.8526272577996716, "Val AUC": 0.8569463363923143, "_timestamp": 1722834584.6786308, "_runtime": 87.8984649181366, "_step": 5, "Test Loss": 0.007061768419444561, "Test Accuracy": 0.83964, "Test Precision": 0.8765410199556541, "Test Recall": 0.79064, "Test F1": 0.8313774973711883, "Test AUC": 0.8396399999999999, "_wandb": {"runtime": 86}}