{"Train Loss": 0.0032308474849909543, "Train Accuracy": 0.9226, "Train Precision": 0.9229767628205128, "Train Recall": 0.9220532319391636, "Train F1": 0.9225147662428671, "Train AUC": 0.922599672135882, "Val Loss": 0.005372093889117241, "Val Accuracy": 0.8674, "Val Precision": 0.8711236407571487, "Val Recall": 0.8631284916201117, "Val F1": 0.8671076368009621, "Val AUC": 0.8674102762831915, "_timestamp": 1722835296.014146, "_runtime": 96.13441801071167, "_step": 5, "Test Loss": 0.005952582639455795, "Test Accuracy": 0.8528, "Test Precision": 0.8590035818951481, "Test Recall": 0.84416, "Test F1": 0.8515171078114913, "Test AUC": 0.8528, "_wandb": {"runtime": 94}}