{"Train Loss": 0.0029548735676333308, "Train Accuracy": 0.9243, "Train Precision": 0.9241022580324282, "Train Recall": 0.9252066527238323, "Train F1": 0.9246541256096347, "Train AUC": 0.9242962674202553, "Val Loss": 0.006052062310278415, "Val Accuracy": 0.866, "Val Precision": 0.8814498933901919, "Val Recall": 0.840585603904026, "Val F1": 0.8605328892589509, "Val AUC": 0.865589929067322, "_timestamp": 1722766518.203485, "_runtime": 83.51416611671448, "_step": 5, "Test Loss": 0.007157951467484235, "Test Accuracy": 0.84444, "Test Precision": 0.8761247488424915, "Test Recall": 0.80232, "Test F1": 0.8375996993360337, "Test AUC": 0.84444, "_wandb": {"runtime": 81}}