{"Train Loss": 1.5096537539648126e-07, "Train Accuracy": 1.0, "_timestamp": 1722704025.828918, "_runtime": 100.08480095863342, "_step": 4, "_wandb": {"runtime": 104}}