{"Train Loss": 0.0031144252445548773, "Train Accuracy": 0.9277, "Train Precision": 0.9309752400202123, "Train Recall": 0.9235087719298246, "Train F1": 0.9272269753397081, "Train AUC": 0.9276895480596754, "Val Loss": 0.005822258606553078, "Val Accuracy": 0.8602, "Val Precision": 0.832, "Val Recall": 0.9061386138613862, "Val F1": 0.8674881516587678, "Val AUC": 0.8597359735973598, "_timestamp": 1722835011.065839, "_runtime": 68.08115315437317, "_step": 5, "Test Loss": 0.006151959827542305, "Test Accuracy": 0.84984, "Test Precision": 0.8261485680190931, "Test Recall": 0.88616, "Test F1": 0.8551026709896558, "Test AUC": 0.8498399999999999, "_wandb": {"runtime": 66}}