{"Train Loss": 0.004544872574135661, "Train Accuracy": 0.8781999945640564, "Val Loss": 0.004481733536720276, "Val Accuracy": 0.8812000155448914, "_timestamp": 1722726873.8838232, "_runtime": 5879.621363162994, "_step": 5, "Test Loss": 0.004595767784938217, "Test Accuracy": 0.8792399764060974, "_wandb": {"runtime": 5878}}