{"Train Loss": 0.004151361345872283, "Train Accuracy": 0.89175, "Train Precision": 0.887708947885939, "Train Recall": 0.8982190826783405, "Train F1": 0.8929330893625439, "Train AUC": 0.891716838554971, "Val Loss": 0.005191463619470597, "Val Accuracy": 0.8604, "Val Precision": 0.8459107072303438, "Val Recall": 0.8742343813801552, "Val F1": 0.8598393574297188, "Val AUC": 0.8606765791651854, "_timestamp": 1722767108.69754, "_runtime": 61.307969093322754, "_step": 5, "Test Loss": 0.005148480014204979, "Test Accuracy": 0.85868, "Test Precision": 0.85311490903363, "Test Recall": 0.86656, "Test F1": 0.8597848950271858, "Test AUC": 0.85868, "_wandb": {"runtime": 59}}