{"Train Loss": 0.004619309182465076, "Train Accuracy": 0.89065, "Train Precision": 0.857722827089869, "Train Recall": 0.9351171914294336, "Train F1": 0.8947495067135088, "Train AUC": 0.8909108176055609, "Val Loss": 0.006776572686433792, "Val Accuracy": 0.822, "Val Precision": 0.7594031706558906, "Val Recall": 0.9546697928878468, "Val F1": 0.8459141274238227, "Val AUC": 0.8187933151247919, "_timestamp": 1722766336.828429, "_runtime": 70.2639570236206, "_step": 5, "Test Loss": 0.006785917522311211, "Test Accuracy": 0.81332, "Test Precision": 0.7473943528519993, "Test Recall": 0.94656, "Test F1": 0.8352687868412693, "Test AUC": 0.81332, "_wandb": {"runtime": 68}}