{"Train Loss": 1.7436260764043255e-07, "Train Accuracy": 1.0, "Val Loss": 1.368430579532287e-07, "Val Accuracy": 1.0, "_timestamp": 1722705006.241076, "_runtime": 76.85407304763794, "_step": 4, "_wandb": {"runtime": 82}}