{"Train Loss": 0.0029782383497804405, "Train Accuracy": 0.93115, "Train Precision": 0.9305790048664216, "Train Recall": 0.9325238853503185, "Train F1": 0.9315504299845901, "Train AUC": 0.9311433735433265, "Val Loss": 0.005884355813264847, "Val Accuracy": 0.8556, "Val Precision": 0.8539279869067103, "Val Recall": 0.8511419249592169, "Val F1": 0.8525326797385621, "Val AUC": 0.8555160174246634, "_timestamp": 1722832528.546572, "_runtime": 56.94491004943848, "_step": 5, "Test Loss": 0.006063864639401436, "Test Accuracy": 0.85096, "Test Precision": 0.8573639622026719, "Test Recall": 0.842, "Test F1": 0.8496125282531483, "Test AUC": 0.85096, "_wandb": {"runtime": 54}}