{"Train Loss": 0.0028437997037544845, "Train Accuracy": 0.9321, "Train Precision": 0.9332460732984293, "Train Recall": 0.9302488960256925, "Train F1": 0.9317450743868114, "Train AUC": 0.9320933599299447, "Val Loss": 0.0063801607532426715, "Val Accuracy": 0.8552, "Val Precision": 0.860381861575179, "Val Recall": 0.8529179810725552, "Val F1": 0.8566336633663366, "Val AUC": 0.8552333411856283, "_timestamp": 1722833918.754567, "_runtime": 54.25011992454529, "_step": 5, "Test Loss": 0.006843236556053162, "Test Accuracy": 0.84004, "Test Precision": 0.8524753296293225, "Test Recall": 0.8224, "Test F1": 0.8371676371187752, "Test AUC": 0.84004, "_wandb": {"runtime": 52}}