{"Train Loss": 0.009961524227261544, "Train Accuracy": 0.6633, "Train Precision": 0.6573480877499515, "Train Recall": 0.6788291900561347, "Train F1": 0.6679159680441858, "Train AUC": 0.6633371808221615, "Val Loss": 0.009955250000953673, "Val Accuracy": 0.658, "Val Precision": 0.6388130968622101, "Val Recall": 0.7420760697305864, "Val F1": 0.6865835777126099, "Val AUC": 0.6571850461738555, "_timestamp": 1722832353.2529862, "_runtime": 66.95706224441528, "_step": 5, "Test Loss": 0.009870843648910523, "Test Accuracy": 0.65672, "Test Precision": 0.6328135593220339, "Test Recall": 0.74672, "Test F1": 0.6850642201834862, "Test AUC": 0.65672, "_wandb": {"runtime": 65}}