{"Train Loss": 1.4719678570429551e-08, "Train Accuracy": 1.0, "Val Loss": 1.1506750246326192e-08, "Val Accuracy": 1.0, "_timestamp": 1722704584.228864, "_runtime": 65.89663004875183, "_step": 4, "_wandb": {"runtime": 71}}