{"Train Loss": 0.018422118593752385, "Train Accuracy": 0.6891999840736389, "Val Loss": 0.019496510431170462, "Val Accuracy": 0.6723999977111816, "_timestamp": 1722856464.523687, "_runtime": 2666.9884128570557, "_step": 1, "_wandb": {"runtime": 4786}}