{"Train Loss": 0.0030077335502952337, "Train Accuracy": 0.92805, "Train Precision": 0.9283504640255463, "Train Recall": 0.928072625698324, "Train F1": 0.9282115240708406, "Train AUC": 0.9280499455676865, "Val Loss": 0.006041534373164177, "Val Accuracy": 0.8504, "Val Precision": 0.8829787234042553, "Val Recall": 0.8045234248788369, "Val F1": 0.841927303465765, "Val AUC": 0.8499637726612885, "_timestamp": 1722843846.593915, "_runtime": 61.90316104888916, "_step": 5, "Test Loss": 0.006325803023129702, "Test Accuracy": 0.8372, "Test Precision": 0.8861304507145474, "Test Recall": 0.77384, "Test F1": 0.8261872224120259, "Test AUC": 0.8372, "_wandb": {"runtime": 60}}