{"Train Loss": 0.009000647642998957, "Train Accuracy": 0.9451, "Train Precision": 0.9452, "Train Recall": 0.94501099780044, "Train F1": 0.9451054894510549, "Train AUC": 0.9451000178040008, "Val Loss": 0.043826835990138355, "Val Accuracy": 0.849, "Val Precision": 0.8127018299246501, "Val Recall": 0.9067253803042434, "Val F1": 0.8571428571428571, "Val AUC": 0.8490461433895317, "_timestamp": 1722844783.84693, "_runtime": 77.71736812591553, "_step": 5, "Test Loss": 0.012179460397213697, "Test Accuracy": 0.8358, "Test Precision": 0.7978429007308593, "Test Recall": 0.89952, "Test F1": 0.8456360696423871, "Test AUC": 0.8357999999999999, "_wandb": {"runtime": 75}}