{"Train Loss": 0.005237440509814769, "Train Accuracy": 0.93775, "Train Precision": 0.9357341822522881, "Train Recall": 0.9401299350324838, "Train F1": 0.9379269083113128, "Train AUC": 0.9377488094372023, "Val Loss": 0.013709526175260544, "Val Accuracy": 0.8456, "Val Precision": 0.8093357271095153, "Val Recall": 0.9034068136272545, "Val F1": 0.8537878787878788, "Val AUC": 0.8457153828615314, "_timestamp": 1722846132.323125, "_runtime": 109.15642976760864, "_step": 5, "Test Loss": 0.007406194371581077, "Test Accuracy": 0.83536, "Test Precision": 0.8011061629076283, "Test Recall": 0.89224, "Test F1": 0.8442207251532814, "Test AUC": 0.8353600000000001, "_wandb": {"runtime": 107}}