{"Train Loss": 0.0026268634317442776, "Train Accuracy": 0.935, "Train Precision": 0.9326569183328359, "Train Recall": 0.9376937693769377, "Train F1": 0.9351685617394774, "Train AUC": 0.9350002693500027, "Val Loss": 0.007836886698007584, "Val Accuracy": 0.848, "Val Precision": 0.8201544685546157, "Val Recall": 0.8916433426629349, "Val F1": 0.8544061302681992, "Val AUC": 0.8479825356772057, "_timestamp": 1722834301.7970638, "_runtime": 66.33120775222778, "_step": 5, "Test Loss": 0.007754075077623129, "Test Accuracy": 0.84152, "Test Precision": 0.8238015776699029, "Test Recall": 0.86888, "Test F1": 0.8457405388568758, "Test AUC": 0.8415199999999999, "_wandb": {"runtime": 64}}