{"Train Loss": 0.004049749393388629, "Train Accuracy": 0.89865, "Train Precision": 0.8950123456790123, "Train Recall": 0.9038499900259326, "Train F1": 0.8994094585876632, "Train AUC": 0.8986364447823668, "Val Loss": 0.005464951330423355, "Val Accuracy": 0.8502, "Val Precision": 0.8797886393659181, "Val Recall": 0.8075990299110751, "Val F1": 0.842149631190727, "Val AUC": 0.8497615102049437, "_timestamp": 1722766060.0865679, "_runtime": 68.76290488243103, "_step": 5, "Test Loss": 0.0056079844763875005, "Test Accuracy": 0.84204, "Test Precision": 0.8884346325065867, "Test Recall": 0.78232, "Test F1": 0.8320074871314928, "Test AUC": 0.84204, "_wandb": {"runtime": 63}}